Mother tongue,Total - Age,  0 to 4 years,  5 to 9 years,  10 to 14 years,  15 to 19 years,  20 to 24 years,  25 to 29 years,  30 to 34 years,  35 to 39 years,  40 to 44 years,  45 to 49 years,  50 to 54 years,  55 to 59 years,  60 to 64 years,  65 to 69 years,  70 to 74 years,  75 to 79 years,  80 to 84 years,  85 to 89 years,  90 to 94 years,  95 to 99 years,  100 years and over
Total - Mother tongue,34767250,1896770,2016650,1919820,2020315,2234640,2276170,2319110,2278880,2245590,2348780,2663450,2604370,2274615,1955320,1400655,992145,699975,414525,166240,35115,4125
  Single responses,33948620,1820325,1944245,1853905,1958365,2171190,2213850,2256425,2218130,2189960,2298055,2617555,2566135,2245105,1930760,1382935,978795,690645,409290,164160,34710,4075
    Official languages,26627555,1546130,1669930,1574405,1614655,1749130,1732860,1704315,1637130,1585815,1674070,2009000,2035560,1791640,1532070,1092175,726115,501965,299645,121695,26330,2925
      English,19460850,1173075,1269235,1217380,1250320,1325410,1312395,1274920,1179005,1168045,1235565,1441985,1429520,1249235,1063540,732515,490105,338185,204210,85270,18910,2025
      French,7166705,373055,400695,357025,364335,423715,420465,429390,458125,417770,438500,567005,606045,542405,468530,359660,236005,163775,95440,36425,7430,905
    Non-official languages,7321065,274195,274310,279500,343710,422065,480990,552110,581000,604140,623990,608555,530570,453465,398690,290760,252685,188680,109650,42465,8375,1145
      Aboriginal languages,195695,13325,14200,13020,13105,13600,13025,12170,11965,12925,14665,15290,13825,11380,9050,6320,4105,2365,955,330,75,10
        Algonquian languages,130455,7995,8670,8215,8180,8660,8190,7985,8210,9110,10415,11000,10075,8140,6270,4265,2730,1480,610,200,50,5
          Blackfoot,2820,35,45,45,65,55,65,75,120,145,210,395,400,395,310,220,155,65,25,5,0,0
          Cree-Montagnais languages,88445,5985,6555,6095,5985,6300,5780,5575,5635,6250,6890,7025,6245,4770,3635,2605,1670,895,390,125,35,5
            Atikamekw,6150,685,750,670,595,595,465,385,365,355,375,285,250,155,85,75,40,20,10,0,0,0
            Montagnais (Innu),10235,945,1035,880,825,875,815,710,620,630,655,655,525,385,275,170,110,80,30,15,0,0
            Moose Cree,105,0,0,5,10,5,5,5,5,5,10,15,15,5,15,5,5,0,0,0,0,0
            Naskapi,1205,125,145,135,120,115,110,80,55,60,90,55,45,20,15,10,20,10,5,0,0,0
            Northern East Cree,315,10,15,20,20,25,20,25,15,20,15,30,25,25,15,15,10,0,0,0,0,0
            Plains Cree,3065,135,150,145,125,130,110,140,165,240,285,335,320,255,220,150,105,35,15,10,5,0
            Southern East Cree,45,5,5,0,0,5,0,5,5,0,5,5,5,5,5,0,0,0,0,0,0,0
            Swampy Cree,1440,45,50,30,35,45,80,90,115,135,140,145,145,145,90,75,35,20,5,5,5,0
            Woods Cree,1840,125,80,90,95,115,110,135,130,150,150,170,150,120,90,70,35,15,5,0,5,0
"            Cree, n.o.s.",64050,3905,4325,4115,4165,4395,4065,4000,4155,4660,5170,5335,4770,3650,2825,2035,1320,705,320,95,30,5
          Eastern Algonquian languages,6990,370,390,390,450,440,410,430,430,510,585,590,575,510,405,215,160,90,45,10,0,0
            Malecite,305,0,0,5,0,0,5,5,5,10,10,30,55,60,65,30,15,10,10,0,0,0
            Mi'kmaq,6690,370,385,390,450,430,405,430,425,500,575,560,520,450,345,185,145,80,35,5,0,0
          Ojibway-Potawatomi languages,32150,1615,1685,1685,1675,1870,1935,1905,2030,2200,2725,2980,2855,2460,1915,1225,745,435,155,65,5,0
            Algonquin,1260,80,65,60,60,75,70,90,95,75,105,95,110,85,90,60,20,15,15,5,0,0
            Ojibway,17890,465,530,565,640,665,760,805,965,1225,1765,2050,2055,1885,1500,930,590,325,105,45,5,0
            Oji-Cree,12855,1065,1090,1065,965,1130,1100,1005,965,895,835,810,665,475,310,220,125,85,30,10,0,0
            Ottawa (Odawa),145,0,0,0,10,5,0,0,5,10,15,15,15,20,10,10,5,5,10,0,0,0
"          Algonquian languages, n.i.e.",45,0,0,0,0,0,0,0,0,0,5,10,5,5,5,0,5,0,0,0,0,0
        Athabaskan languages,17370,865,1000,885,985,1135,1140,1090,1075,1150,1410,1485,1345,1155,975,675,490,305,135,45,15,5
          Northern Athabaskan languages,17320,865,1000,880,985,1130,1135,1090,1070,1150,1410,1480,1340,1150,980,675,490,305,130,45,15,5
            Carrier,1030,5,10,5,20,20,30,30,30,55,105,120,135,155,105,75,50,50,20,5,0,0
            Babine (Wetsuwet'en),115,0,0,5,0,0,0,0,0,10,5,10,10,15,20,20,15,0,0,0,0,0
            Beaver,190,0,5,5,5,5,5,5,5,15,25,30,30,20,20,5,10,5,5,0,0,0
            Chilcotin,655,5,15,10,15,25,20,10,35,50,85,85,65,75,55,50,35,20,5,5,0,0
            Dene,10700,770,865,750,805,900,860,780,660,695,725,770,625,470,440,250,190,90,40,15,0,0
            Dogrib (Tlicho),1645,45,45,45,70,85,100,110,175,160,205,145,140,100,80,60,30,25,15,5,5,0
            Gwich'in,260,10,0,5,5,10,10,10,5,5,10,15,30,25,30,30,25,20,5,5,0,0
            Sarsi (Sarcee),80,0,5,10,0,5,5,5,10,5,5,5,5,5,0,0,5,0,0,0,0,0
            Sekani,90,0,5,0,0,0,0,0,0,5,0,10,5,25,5,15,5,0,0,0,0,0
            Slavey-Hare languages,1990,25,30,35,45,75,95,115,135,140,220,230,215,195,160,105,90,60,25,5,0,0
              North Slavey (Hare),765,15,5,15,20,35,45,55,60,45,75,80,80,65,60,35,35,30,10,0,0,0
              South Slavey,945,5,20,15,20,30,40,45,60,65,115,120,120,105,70,40,35,25,10,5,0,0
"              Slavey, n.o.s.",280,0,0,5,0,5,15,10,10,20,30,35,25,20,25,25,20,15,5,5,0,0
            Tahltan languages,275,5,5,10,5,5,0,10,5,10,10,35,35,30,45,30,15,10,5,5,0,0
              Kaska (Nahani),180,0,10,5,5,0,0,10,5,5,5,25,25,20,25,20,10,5,5,5,0,0
              Tahltan,95,5,0,5,0,0,0,5,0,5,5,10,10,10,20,10,5,5,0,0,0,0
            Tutchone languages,290,0,5,5,10,10,10,10,15,10,15,35,35,35,20,30,25,15,10,0,0,0
              Northern Tutchone,220,0,5,5,10,10,5,10,15,10,15,25,30,25,10,20,15,10,5,0,0,0
              Southern Tutchone,70,0,0,0,0,0,5,0,5,0,0,10,5,10,5,10,10,10,0,0,0,0
"          Athabaskan languages, n.i.e.",50,0,0,0,0,0,0,0,5,5,5,10,5,5,0,5,5,0,0,0,0,0
        Haida,80,0,5,0,0,0,5,5,0,0,0,5,10,10,5,5,5,10,5,5,0,0
        Inuit languages,36550,4070,4025,3505,3450,3265,3095,2500,2180,2075,2170,1895,1395,1080,840,500,285,155,45,15,5,0
          Inuinnaqtun (Inuvialuktun),1020,15,20,10,20,30,50,40,50,45,90,125,145,130,85,60,50,25,10,0,0,0
          Inuktitut,35215,4035,3985,3480,3420,3220,3020,2440,2115,2015,2055,1745,1215,925,725,410,230,130,30,15,0,0
"          Inuit languages, n.i.e.",315,15,15,15,10,15,20,25,20,15,25,25,30,20,25,25,10,5,0,0,0,0
        Iroquoian languages,1115,50,60,55,55,55,60,50,50,60,55,75,110,105,80,45,55,45,20,25,0,0
          Cayuga,40,0,5,0,0,0,0,0,0,0,0,5,5,5,5,5,0,0,0,0,0,0
          Mohawk,985,45,50,50,45,50,55,45,45,55,40,70,90,95,70,35,45,45,20,25,0,0
          Oneida,55,5,5,0,0,5,5,5,5,5,0,5,10,0,5,5,0,0,0,0,0,0
"          Iroquoian languages, n.i.e.",35,0,0,0,0,0,0,0,0,0,5,0,5,5,5,0,5,0,0,0,0,0
        Kutenai,105,5,0,5,5,0,0,5,0,5,10,15,10,20,15,10,0,0,0,0,0,0
        Michif,465,0,0,5,5,0,5,10,15,15,30,40,70,75,65,55,40,25,10,0,5,0
        Salish languages,2305,60,90,60,70,70,95,95,75,90,100,190,210,225,270,245,185,115,40,20,5,0
          Comox,85,0,0,0,0,0,0,0,0,0,5,10,15,5,25,15,10,0,0,0,0,0
          Halkomelem,475,10,15,10,15,20,20,20,20,25,30,45,45,45,45,55,30,25,5,0,0,0
          Lillooet,315,10,25,10,15,15,15,20,10,15,10,25,20,25,35,25,10,10,5,0,0,0
          Okanagan,275,5,10,5,0,10,10,5,5,5,10,20,20,30,30,40,35,15,5,5,0,0
          Shuswap (Secwepemctsin),445,15,10,5,10,10,15,25,15,15,15,45,55,50,40,35,35,25,5,5,0,0
          Squamish,40,0,0,5,5,0,0,0,5,0,0,5,5,0,5,0,5,5,0,0,0,0
          Straits,80,5,15,5,0,0,5,10,0,0,5,5,5,0,0,0,10,5,0,0,0,0
          Thompson (Ntlakapamux),340,5,10,5,5,5,5,10,5,10,10,20,30,45,60,45,30,20,10,5,0,0
"          Salish languages, n.i.e.",255,5,5,10,10,5,10,10,5,15,10,20,20,20,30,30,25,15,0,0,0,0
        Siouan languages,4290,240,300,245,295,325,325,330,290,310,305,335,305,225,170,130,65,65,20,5,0,0
          Dakota,1210,40,50,40,50,55,60,75,65,75,100,130,130,120,80,70,35,35,10,5,0,0
          Stoney,3025,200,255,205,245,275,265,255,220,230,200,200,170,100,85,55,35,30,10,0,0,0
"          Siouan languages, n.i.e.",55,0,0,0,5,0,0,0,5,5,5,5,5,5,5,5,5,5,0,0,0,0
        Tlingit,100,0,0,0,10,0,10,0,5,5,5,5,15,10,5,10,5,5,10,0,0,0
        Tsimshian languages,1480,10,30,25,25,30,30,60,30,45,90,130,185,195,180,190,105,75,30,5,0,0
          Gitxsan (Gitksan),880,5,15,10,15,20,20,35,25,30,65,95,130,125,90,105,50,30,15,5,0,0
          Nisga'a,395,5,10,10,0,5,10,15,5,15,15,30,45,60,70,50,30,15,10,5,0,0
          Tsimshian,200,0,5,5,10,5,5,5,5,5,5,10,10,20,20,35,30,30,5,0,0,0
        Wakashan languages,810,15,15,10,10,20,20,10,15,20,40,55,60,90,120,130,95,50,30,0,0,0
          Haisla,95,0,0,0,0,0,5,0,0,0,5,10,0,10,10,20,15,10,0,0,0,0
          Heiltsuk,95,0,0,0,0,5,0,0,0,10,5,0,5,10,10,20,25,5,10,0,0,0
          Kwakiutl (Kwak'wala),325,10,5,0,5,10,5,5,5,10,20,30,30,30,50,50,30,20,10,0,0,0
          Nuu-chah-nulth (Nootka),280,5,10,5,5,10,5,0,5,10,10,10,20,40,40,40,30,15,10,0,0,0
"          Wakashan languages, n.i.e.",5,0,0,0,0,0,0,0,0,0,0,0,0,0,0,0,5,5,0,0,0,0
"        Aboriginal languages, n.o.s.",585,10,5,5,20,40,35,30,15,35,40,55,40,55,55,65,40,20,10,5,0,0
      Non-Aboriginal languages,7125365,260870,260115,266485,330605,408465,467965,539940,569040,591215,609325,593270,516745,442085,389635,284445,248580,186320,108695,42135,8295,1140
        Afro-Asiatic languages,575365,34720,35115,32395,32835,36520,43125,52605,56335,56965,53450,43010,30710,22250,16830,11845,8000,5045,2605,815,170,15
          Berber languages,22135,1665,1470,1160,855,720,960,2105,3310,3555,3170,1690,645,460,195,95,50,25,5,5,0,0
            Kabyle,13150,1110,985,780,540,420,600,1355,2095,2045,1655,860,325,225,75,40,30,10,5,5,0,0
"            Berber languages, n.i.e.",8985,560,485,380,315,300,360,745,1215,1510,1515,825,320,235,120,55,25,15,0,5,0,0
          Cushitic languages,42885,3095,2695,2860,3485,3475,4130,4210,3420,3460,3850,3085,2255,1245,605,335,270,190,170,45,10,0
            Bilen,805,95,50,25,25,45,145,145,70,65,40,25,25,25,10,5,0,0,0,0,0,0
            Oromo,4960,455,305,240,330,320,435,590,580,505,440,320,250,105,40,20,15,5,10,0,0,0
            Somali,36755,2525,2305,2560,3110,3085,3530,3435,2735,2845,3335,2720,1955,1110,540,315,255,180,160,45,10,0
"            Cushitic languages, n.i.e.",365,20,40,30,25,20,25,40,35,40,40,15,25,5,5,0,0,0,0,0,0,0
          Semitic languages,509190,29900,30890,28305,28420,32240,37930,46175,49470,49840,46305,38165,27745,20520,16015,11400,7675,4835,2425,765,155,10
            Amharic,22465,1070,710,590,825,990,1485,2490,3120,3270,2975,2445,1280,585,310,185,80,40,15,5,5,0
            Arabic,419890,25340,26900,24355,24085,27725,32190,38430,40610,40420,37820,30510,22235,16070,12140,8810,5975,3665,1865,605,115,10
            Assyrian Neo-Aramaic,16070,905,880,920,1015,1035,1250,1300,1295,1305,1365,1315,1080,815,545,375,305,220,120,25,5,0
            Chaldean Neo-Aramaic,5545,350,345,345,370,370,495,450,415,435,445,420,325,285,190,135,90,45,25,0,0,0
            Harari,1320,45,65,65,85,90,45,60,75,140,230,215,100,40,30,10,15,0,5,0,0,0
            Hebrew,19530,1030,1195,1230,1095,1040,1010,1380,1845,1960,1420,1135,1055,1235,1335,750,410,235,110,50,20,0
            Maltese,5565,0,5,5,20,20,40,65,100,165,215,330,470,675,1025,870,665,565,260,60,10,0
            Tigrigna,16650,1055,715,690,820,835,1255,1850,1825,1960,1660,1590,1005,675,345,200,95,55,15,5,0,0
"            Semitic languages, n.i.e.",2155,100,80,100,100,145,165,155,175,180,180,215,195,140,95,60,40,15,20,0,5,0
"          Afro-Asiatic languages, n.i.e.",1150,60,55,75,75,85,105,115,135,120,125,65,65,30,20,15,0,0,0,0,0,0
        Austro-Asiatic languages,176725,5640,5670,6420,8435,10790,11500,14535,13695,15340,17280,18175,18125,12745,6970,4060,3015,2200,1405,525,155,25
          Khmer (Cambodian),20130,610,490,400,565,930,1620,2865,1810,1495,1655,1780,2145,1695,885,525,305,185,110,45,20,5
          Vietnamese,156425,5030,5170,6005,7860,9855,9870,11655,11875,13835,15605,16385,15975,11040,6085,3530,2705,2015,1300,480,135,20
"          Austro-Asiatic languages, n.i.e",170,0,10,10,15,15,10,15,20,10,20,10,5,10,5,5,5,0,0,0,0,0
        Austronesian languages,511480,9355,11105,21305,30345,28340,30940,47280,60960,57215,54165,48935,37210,24965,20095,12650,8530,4445,2420,955,225,35
          Bikol,1785,15,20,50,75,65,90,135,235,210,205,180,165,105,90,75,25,20,15,0,0,0
          Cebuano,19890,335,545,910,1245,1095,1300,2030,2585,2300,2285,1830,1270,770,540,365,220,145,90,20,5,5
          Fijian,745,5,10,10,15,40,40,65,50,60,65,75,85,65,60,40,20,10,5,5,0,0
          Hiligaynon,6880,120,160,280,395,400,350,570,825,835,770,735,540,290,245,140,125,55,30,15,0,0
          Ilocano,26345,350,360,940,1270,1135,1260,2205,3270,3025,2840,2980,2300,1305,1085,740,570,360,205,105,35,0
          Malagasy,1430,50,65,60,60,85,120,155,195,200,125,110,65,55,40,20,5,5,10,0,0,0
          Malay,12270,200,190,305,565,1055,900,1120,1220,1305,1205,1075,860,670,610,425,290,155,90,25,10,0
"          Pampangan (Kapampangan, Pampango)",4045,40,75,140,240,240,230,285,440,475,490,475,305,165,165,135,55,55,25,5,0,0
          Pangasinan,1395,10,0,15,20,45,60,95,145,175,205,160,130,95,115,50,45,20,10,5,0,0
"          Tagalog (Pilipino, Filipino)",431380,8130,9590,18380,26140,23960,26280,40065,51255,47930,45435,40800,31135,21205,16970,10540,7090,3575,1930,765,170,30
          Waray-Waray,1110,20,35,55,90,40,55,110,125,150,125,110,70,55,40,15,15,5,0,0,0,0
"          Austronesian languages, n.i.e.",4195,85,65,160,220,190,245,440,610,540,425,400,280,175,145,110,60,30,10,5,0,0
        Creole languages,72130,1045,1435,2310,3215,3630,4275,5490,7205,8170,7435,6760,5410,4775,4215,2810,1710,970,715,395,130,30
          Haitian Creole,3030,50,70,105,165,175,195,255,340,350,280,290,205,160,160,110,60,35,20,15,5,0
"          Creole, n.o.s.",64110,925,1235,2030,2815,3130,3690,4660,6325,7270,6680,6015,4855,4400,3880,2550,1565,890,675,365,125,30
"          Creole languages, n.i.e.",4985,70,130,180,235,325,395,575,540,550,475,460,355,220,170,145,85,40,25,15,5,0
        Dravidian languages,189405,9790,8765,7880,8520,10315,15375,18665,18855,17400,16790,16120,12430,8910,6840,4895,3810,2575,1095,310,50,10
          Kannada,3970,210,165,120,90,130,445,590,535,410,290,275,180,140,110,105,90,65,20,0,0,0
          Malayalam,28570,2110,1810,1180,1010,1375,2885,3885,3510,2850,2165,1600,1035,820,730,760,510,250,60,10,5,0
          Tamil,140720,6270,5855,6020,6970,7815,9470,11835,12615,12595,13240,13500,10725,7640,5740,3855,3060,2185,995,290,45,5
          Telugu,15660,1160,920,550,440,970,2520,2300,2140,1485,1040,705,460,295,245,165,145,70,30,5,0,0
"          Dravidian languages, n.i.e.",490,30,15,10,10,25,50,60,55,55,50,35,35,20,15,5,5,10,0,0,0,0
        Hmong-Mien languages,795,30,40,30,35,55,90,95,90,55,60,60,65,35,20,10,10,10,0,0,0,0
        Indo-European languages,3877335,138110,141700,141410,156860,185950,230750,276090,292290,297665,304515,303905,284775,259745,245420,193130,174195,133755,79755,30965,5625,730
          Albanian,26895,1255,1070,1090,1540,2045,2530,2695,2590,2625,2505,1980,1665,1170,735,555,425,275,100,40,10,0
          Armenian,33455,1130,1335,1350,1490,1745,1875,2205,2345,2370,2460,2620,2620,2275,2130,1885,1490,1130,710,245,45,5
          Balto-Slavic languages,701975,18800,19835,19495,21980,29215,39290,48045,49015,50430,51320,59390,60705,59620,52445,35795,33200,25010,17370,9210,1645,175
            Baltic languages,12530,175,225,230,265,350,500,645,570,550,535,765,1120,1615,1110,1025,775,585,750,615,105,10
              Latvian,5455,70,70,70,80,120,185,275,210,170,200,295,485,735,510,545,420,270,360,320,50,10
              Lithuanian,7075,110,150,160,180,230,315,375,360,380,335,475,635,880,600,480,355,310,390,295,60,5
            Slavic languages,689445,18625,19605,19270,21715,28865,38790,47400,48445,49880,50785,58620,59585,58005,51335,34765,32425,24425,16620,8590,1540,160
              Belarusan,810,25,10,15,10,35,35,70,70,55,55,100,80,75,50,20,30,30,25,10,0,0
              Bosnian,12210,350,315,385,500,815,1160,1225,1025,970,1160,1280,1150,850,485,210,185,80,45,10,0,0
              Bulgarian,20025,655,970,875,945,980,1275,1340,1970,2660,2465,2000,1380,875,555,405,310,175,115,60,10,0
              Croatian,48205,665,800,825,990,1370,2015,2485,2865,3600,4225,4245,3660,4295,4585,3930,3610,2400,1180,395,50,5
              Czech,22295,285,300,320,305,495,980,1070,1565,1845,1475,1775,1635,1805,2645,2600,1385,860,620,250,55,5
              Macedonian,16775,220,280,350,420,450,545,730,1035,1315,1455,1485,1500,1635,1425,1225,1110,890,510,180,30,5
              Polish,181710,3005,3185,3215,4415,6835,8530,13100,13655,10745,11170,16785,20965,22750,17550,8060,5970,4835,3990,2425,475,55
              Russian,188255,9300,9455,8660,8570,10560,14710,17280,16260,17420,15680,15590,13450,9110,7375,4050,5190,2830,1805,810,135,20
              Serbian,57350,1710,1845,2175,2650,3100,3710,3950,3850,4465,5635,5915,5025,4235,3180,1875,1985,1155,620,225,40,0
              Serbo-Croatian,9555,110,95,135,265,495,775,715,545,635,915,1240,1175,915,610,325,295,175,100,25,10,0
              Slovak,17585,455,525,425,385,580,770,935,1340,1605,1195,1205,1145,1205,1540,1350,1160,865,600,265,25,5
              Slovene (Slovenian),9785,15,30,50,40,55,115,145,245,365,660,885,930,915,975,1025,1410,1135,580,165,25,0
              Ukrainian,102480,1810,1770,1785,2170,3040,4095,4250,3915,4070,4530,5910,7290,9095,10120,9510,9560,8790,6305,3715,680,65
"              Slavic languages, n.i.e.",2415,20,25,50,45,55,80,105,95,110,170,200,205,250,235,170,225,205,115,50,5,0
          Celtic languages,2695,10,10,10,20,55,95,105,95,95,120,165,190,215,305,340,280,265,175,100,20,0
            Scottish Gaelic,1090,5,5,5,5,20,25,40,35,25,35,80,90,105,110,140,105,120,75,50,15,0
            Welsh,1070,0,5,5,10,15,25,25,25,45,55,60,60,85,130,155,140,110,75,35,10,0
"            Celtic languages, n.i.e.",530,0,5,5,5,20,45,40,35,20,25,25,40,35,60,55,35,35,30,15,0,0
          Germanic languages,538760,19970,18370,17505,17935,17765,18785,19170,19430,20785,27455,36345,41270,43455,45940,46675,47360,42045,26900,9645,1795,155
            Afrikaans,10260,350,425,435,525,640,675,925,905,1045,1100,990,805,525,310,230,165,125,65,15,0,0
            Danish,12630,45,60,75,90,110,175,200,265,420,505,725,845,1325,1825,1880,1460,1370,830,350,60,5
            Dutch,99020,665,830,985,1270,1575,1800,2025,2225,2955,4325,6225,8360,10930,13500,12430,10885,9770,5930,1975,335,30
            Frisian,2095,0,5,15,25,35,25,30,30,35,65,100,170,250,310,285,300,265,120,30,5,0
            German,384040,17005,15435,14615,14895,14400,15110,14980,14830,15165,20245,27050,29760,28495,26815,29280,32300,28185,18065,6210,1105,90
            Icelandic,1290,25,30,40,40,40,45,55,60,75,75,65,55,70,80,130,135,125,95,45,15,0
            Norwegian,4615,35,40,50,50,90,100,120,145,165,215,235,255,340,510,555,480,525,430,215,60,0
            Swedish,6840,85,115,155,125,200,320,325,440,515,555,555,405,420,605,700,485,410,265,120,30,5
            Vlaams (Flemish),3890,5,15,20,25,65,50,65,90,90,170,195,260,355,495,515,485,510,305,145,35,10
            Yiddish,13555,1740,1400,1105,885,595,470,410,405,295,175,165,325,700,1460,635,620,695,775,530,155,15
"            Germanic languages, n.i.e.",525,15,10,5,5,20,25,30,35,30,25,40,25,40,35,40,50,55,15,5,5,0
          Greek,106525,1615,2130,2335,2280,2385,2635,3540,6400,8840,10040,9175,7465,7855,9935,9315,9475,6670,3355,900,160,25
          Indo-Iranian languages,1312750,67265,68835,68015,73625,87525,108610,126085,121910,112990,101535,86255,73705,66125,56225,40545,27105,15685,7350,2505,650,200
            Indo-Aryan languages,1064760,55425,57625,56880,60525,71385,87340,97485,96790,91980,80425,67170,57745,54140,48080,35195,23755,13550,6365,2135,570,195
              Bengali,73125,3645,4225,4510,4150,4680,5960,7390,7635,7195,7230,5270,4180,3005,1690,1070,780,335,140,25,5,0
              Gujarati,108775,4570,4535,4550,5025,6935,9935,9200,9385,9745,7710,6745,6260,6370,6315,4875,3395,1945,935,290,65,5
              Hindi,110640,3975,4000,4110,4835,7215,10245,12200,11310,10710,8820,7655,6365,5490,5040,3970,2550,1375,570,165,40,0
              Kashmiri,565,0,10,5,5,20,35,45,55,45,85,60,55,40,30,30,25,15,5,0,0,0
              Konkani,3330,55,60,65,70,80,140,180,245,280,355,355,305,320,275,185,145,130,60,30,5,0
              Marathi,8295,410,365,290,290,470,820,1135,960,820,685,555,380,290,240,240,190,105,40,10,0,0
              Nepali,18275,1460,1215,1200,1280,1290,1730,2385,2425,1740,1230,840,525,325,220,195,115,65,25,10,5,0
              Oriya (Odia),1055,55,50,25,20,20,105,210,175,115,90,45,45,30,25,20,10,5,5,0,0,0
              Punjabi (Panjabi),501680,26780,26005,24665,27905,33695,40030,44745,44820,40555,34745,29435,27120,28350,26855,19370,13080,7715,3830,1385,410,175
              Sindhi,11860,255,325,340,410,475,580,670,740,820,900,965,1065,1080,1040,815,640,440,205,85,10,0
              Sinhala (Sinhalese),16335,385,445,685,810,890,945,1180,1460,1770,1875,1800,1430,930,695,480,305,145,65,20,5,0
              Urdu,210820,13835,16395,16440,15715,15605,16820,18125,17575,18195,16710,13445,10015,7920,5660,3945,2515,1270,485,115,25,5
            Iranian languages,242805,11560,10940,10860,12790,15740,20780,28085,24580,20540,20675,18735,15700,11800,7985,5255,3280,2090,975,365,80,10
              Kurdish,11700,680,695,685,690,890,1110,1240,1195,1065,1100,1005,580,340,210,100,60,35,15,5,0,0
              Pashto,16905,1705,1585,1410,1415,1500,1635,1545,1335,1270,1055,850,625,445,230,140,85,50,20,10,0,0
              Persian (Farsi),214200,9175,8660,8770,10690,13355,18025,25300,22045,18205,18520,16880,14495,11015,7550,5015,3140,2000,935,345,75,10
"            Indo-Iranian languages, n.i.e.",5185,285,275,270,310,395,490,520,535,475,435,350,260,195,160,90,75,45,10,0,0,0
          Italic (Romance) languages,1154275,28060,30120,31605,37990,45220,56930,74245,90505,99530,109075,107970,97155,79025,77700,58015,54860,42680,23790,8325,1300,165
            Catalan,865,25,30,30,10,40,70,115,90,80,60,60,50,40,35,40,35,25,15,5,0,0
            Italian,375640,1660,2250,2990,4030,5190,6095,7525,11710,20470,32395,40935,41115,34410,41375,31795,36655,30335,17550,6110,940,110
            Portuguese,221540,3945,3600,3770,4685,6945,10755,16020,19520,19905,21715,23225,20825,17505,15520,12525,9670,7015,3285,965,130,25
            Romanian,96665,3675,4570,4095,4055,3890,5275,7145,10345,11555,13685,7095,6560,4785,3385,2260,1765,1295,815,355,60,5
            Spanish,458845,18750,19665,20725,25205,29150,34730,43415,48820,47485,41195,36595,28540,22195,17320,11315,6665,3945,2070,865,170,25
"            Italic (Romance) languages, n.i.e.",720,0,5,0,5,5,10,20,25,25,35,60,70,90,70,80,70,70,50,25,0,0
        Japanese,43640,1850,1990,1615,2125,2185,2450,3615,4410,5085,4065,2670,1515,1575,2465,1905,1475,1260,895,375,120,15
        Kartvelian languages,1715,85,65,55,90,120,170,170,195,190,170,140,95,70,45,15,20,10,15,5,0,0
          Georgian,1715,85,65,55,90,120,170,170,195,190,170,140,95,70,45,15,20,10,15,5,0,0
        Korean,153425,5155,5535,6920,10040,13240,13130,12285,11900,13780,14170,12450,11525,7535,5555,4405,3240,1475,675,300,95,10
        Mongolic languages,1575,85,80,80,140,170,145,135,165,215,160,115,35,10,5,5,15,5,10,10,0,0
          Mongolian,1575,85,80,80,140,170,145,135,165,215,160,115,35,10,5,5,15,5,10,10,0,0
        Niger-Congo languages,91375,3230,3080,3605,5065,6390,7815,9995,11335,10695,9310,7645,5770,3460,2115,1030,480,230,95,30,5,0
          Akan (Twi),13455,390,315,380,485,620,1050,1510,1255,980,1110,1565,1765,1155,530,230,75,35,10,0,0,0
          Bamanankan,1535,50,65,60,105,185,200,215,190,150,120,75,65,35,10,10,5,0,0,0,0,0
          Edo,1675,50,35,35,45,60,85,150,225,305,310,180,95,35,30,10,5,0,0,0,0,0
          Ewe,1760,45,55,70,65,85,100,190,225,225,185,160,130,100,55,35,15,5,5,0,0,0
"          Fulah (Pular, Pulaar, Peul, Fulfulde)",2825,235,125,120,145,275,335,355,340,320,255,130,90,55,30,15,5,5,0,0,0,0
          Ga,925,10,10,15,20,30,60,70,85,85,90,110,115,95,65,35,15,10,0,0,0,0
          Ganda,1295,30,30,45,75,85,110,135,205,150,115,95,80,65,40,15,5,0,5,0,0,0
          Igbo,4235,140,110,90,130,160,240,385,595,670,630,435,265,140,115,65,40,20,5,0,0,0
          Lingala,3810,65,95,145,225,350,380,370,395,455,520,395,225,90,50,30,15,10,5,0,0,0
          Rundi (Kirundi),5850,205,265,390,510,530,555,645,715,705,465,390,230,125,65,35,10,5,0,0,0,0
          Kinyarwanda (Rwanda),5250,100,100,195,360,455,585,665,645,505,535,425,315,150,110,55,25,5,5,5,0,0
          Shona,3185,65,60,75,235,330,275,325,480,485,335,220,135,100,30,20,5,10,0,0,0,0
          Swahili,13375,655,785,950,1345,1360,1270,1205,1200,1130,1080,880,595,345,250,155,85,50,25,15,0,0
          Wolof,3990,290,215,170,150,295,490,690,660,480,270,125,85,45,30,5,0,0,0,0,0,0
          Yoruba,9085,240,285,310,375,420,550,910,1265,1385,1265,895,480,290,250,95,45,15,5,0,0,0
"          Niger-Congo languages, n.i.e.",19135,665,525,555,795,1150,1535,2170,2855,2665,2030,1580,1100,635,455,210,120,65,25,10,5,0
        Nilo-Saharan languages,5870,370,445,435,440,355,420,735,700,690,505,385,215,85,45,25,15,5,5,0,0,0
          Dinka,2115,170,155,130,145,115,185,320,275,235,160,125,55,20,20,5,5,0,0,0,0,0
"          Nilo-Saharan languages, n.i.e.",3750,195,290,305,295,235,240,420,430,455,345,260,160,65,25,20,5,5,0,0,0,0
        Sign languages,7500,620,590,485,565,695,615,620,480,445,455,510,475,365,210,155,110,75,30,10,5,0
          American Sign Language,2680,210,200,165,195,265,220,225,165,165,175,210,170,130,80,50,25,20,5,0,0,0
          Quebec Sign Language,700,25,40,25,50,50,60,65,45,30,35,60,75,50,25,20,15,10,5,0,0,0
"          Sign languages, n.i.e",4125,385,355,295,325,385,335,330,260,245,245,245,235,180,100,80,60,40,10,10,0,0
        Sino-Tibetan languages,1269215,47175,40640,37735,67150,104090,100465,88575,79365,95880,114880,120295,95775,84270,68625,39170,35460,27515,14900,5625,1390,225
          Chinese languages,1253360,46270,39860,36830,66070,102745,98990,87050,77815,94440,113480,119270,94985,83730,68235,38900,35270,27380,14830,5610,1380,225
            Cantonese,565270,15115,12095,12715,22810,32745,35210,35670,34130,35185,39625,53800,58855,55550,45950,21240,20440,18400,10675,4005,925,140
            Hakka,10910,125,145,165,280,365,495,565,680,800,885,975,1060,1130,1010,745,625,420,295,110,40,10
            Mandarin,592040,29435,26240,22450,39140,63320,57995,46025,38550,53170,66420,56825,27950,19960,14415,12045,9895,5315,2025,670,175,25
            Min Dong,1230,35,15,15,15,30,90,120,100,105,70,130,125,150,85,60,45,15,20,5,0,0
"            Min Nan (Chaochow, Teochow, Fukien, Taiwanese)",31800,460,425,535,1015,1525,1800,1940,2020,2155,2680,3260,3190,3150,2775,1765,1380,865,525,230,75,15
            Wu (Shanghainese),12915,270,215,235,400,620,740,780,640,910,1185,1180,960,885,1075,910,695,550,385,210,50,5
"            Chinese, n.o.s.",38580,815,710,710,2380,4070,2610,1890,1665,2050,2535,3035,2820,2885,2910,2105,2170,1800,905,380,120,25
"            Chinese languages, n.i.e.",615,15,15,15,25,60,55,65,35,65,80,70,30,20,10,15,25,10,0,0,0,0
          Tibeto-Burman languages,15850,905,780,900,1080,1345,1475,1525,1550,1440,1400,1025,790,540,395,275,195,135,70,15,10,5
            Burmese,3585,130,115,125,150,215,225,280,320,345,430,345,285,220,155,95,65,50,30,10,0,0
            Karenic languages,4705,370,380,490,545,505,505,445,330,250,235,165,155,105,80,70,45,15,15,5,5,0
            Tibetan,6160,300,205,230,320,545,615,600,710,715,610,425,285,180,130,105,75,65,25,5,5,5
"            Tibeto-Burman languages, n.i.e.",1405,110,80,50,75,80,130,200,190,130,125,85,65,40,20,5,5,5,5,5,0,0
        Tai-Kadai languages,22010,285,345,410,750,1050,1365,2005,2495,2480,2610,2545,2375,1480,825,455,260,165,60,40,10,0
          Lao,12670,130,155,175,235,430,655,935,1275,1250,1515,1730,1750,1115,600,330,180,125,45,30,10,0
          Thai,9255,155,190,235,515,615,700,1065,1220,1225,1085,805,620,365,215,120,70,45,15,5,5,0
"          Tai-Kadai languages, n.i.e",85,0,0,0,0,5,5,5,5,10,10,10,5,5,5,5,10,0,0,0,0,0
        Turkic languages,40140,2110,2140,1930,2290,2605,2880,3915,4075,3770,3490,3390,2495,1755,1200,800,600,390,205,85,15,0
          Azerbaijani,3255,90,85,80,125,190,210,320,290,290,325,335,280,220,135,100,80,55,30,5,5,0
          Turkish,32815,1740,1785,1585,1855,2060,2325,3170,3370,3085,2865,2770,2030,1430,1010,680,490,315,165,75,10,0
          Uyghur,1035,105,90,45,70,105,100,85,80,120,85,85,35,15,5,5,10,5,0,0,0,0
          Uzbek,1720,120,115,150,150,140,140,225,220,140,100,75,55,35,25,5,10,5,5,5,0,0
"          Turkic languages, n.i.e.",1315,60,70,70,90,110,115,115,120,130,110,125,90,55,20,15,10,10,5,5,0,0
        Uralic languages,81980,1135,1305,1375,1540,1710,2100,2715,4085,4770,5455,5820,7490,7870,8025,6995,7590,6170,3795,1690,305,35
          Estonian,5445,45,25,45,65,95,145,165,120,160,225,315,595,735,600,665,475,320,315,270,65,0
          Finnish,15295,140,130,125,150,205,235,375,475,620,855,1225,1375,1605,2020,1850,1565,1265,790,225,45,5
          Hungarian,61235,950,1145,1205,1320,1405,1715,2175,3485,3990,4375,4285,5520,5530,5400,4475,5545,4585,2690,1195,195,30
"          Uralic languages, n.i.e.",5,0,0,0,0,0,0,0,0,0,0,0,0,0,0,0,0,0,0,0,0,0
"        Other languages, n.i.e.",3685,85,85,95,165,250,350,405,405,410,360,320,255,190,125,90,45,30,15,5,0,0
  Multiple responses,818635,76440,72405,65915,61950,63450,62320,62690,60740,55635,50720,45895,38230,29510,24565,17720,13350,9335,5235,2080,405,50
    English and French,165320,16835,15410,14145,13105,14015,13260,11490,9780,8245,7610,8280,7585,6455,5975,4855,3660,2500,1400,585,110,15
    English and non-official language,533265,46600,44635,41285,40015,41090,40945,42595,41625,38630,34970,31245,25845,19045,15425,10490,8125,5835,3285,1290,255,35
    French and non-official language,86150,9150,8510,6405,5395,5340,5475,6365,7220,6965,6475,4935,3765,3170,2500,1835,1220,785,430,175,35,0
"    English, French and non-official language",33900,3860,3845,4075,3430,3005,2650,2235,2115,1795,1660,1425,1035,835,665,540,345,215,120,30,5,0
